﻿<?xml version="1.0" encoding="utf-8"?>
<ModMetaData>
  <name>[SYR] Trait Value</name>
  <author>Syrchalis</author>
  <supportedVersions>
      <li>1.2</li>
      <li>1.3</li>
      <li>1.4</li>
  </supportedVersions>
	<url>https://ludeon.com/forums/index.php?topic=43449</url>
  <description>Gives traits a numerical value that represents roughly how beneficial they are. Other mod makers may use this value to create mods that directly relate to trait benefit.
  
  Load before ANY trait mod.</description>
  <packageId>syrchalis.traitvalue</packageId>
  <modDependencies>
  </modDependencies>
  <loadBefore>
    <li>syrchalis.individuality</li>
  </loadBefore>
</ModMetaData>